Part;SupportAreaWeight;ZHeightWeight;SupportTimeWeight;InstanceId;Roll;Pitch
part01;1;1;1;bee07f30-c9e2-48b6-ba47-357b24b5194e;-10;-10
part01;3;0;0;ffb66fdd-f5d7-4770-8e1b-1f90ae2ce0eb;-170;-90
part01;0;1.5;1.5;d9bce742-a583-4e45-966d-bcf98ab9a83e;-10;-20
part01;2;0.5;0.5;fef350ca-38fc-4b75-a23a-1ce50b349051;0;-60
part01;1;2;0;0e5c6382-a416-4e39-9cd2-c880fd965571;-170;0
part01;1;0;2;847e18f8-e55c-4a70-b758-f95a629d0113;0;-40
part02;1;1;1;1e9730aa-2375-4f18-8fb1-26fe7853385f;-50;-20
part02;3;0;0;cb44b7b6-5388-415e-9c26-d0b81415a054;90;0
part02;0;1.5;1.5;f512a22d-9c16-4104-bb70-6724e8f99836;20;-40
part02;2;0.5;0.5;4b5b6bab-f0db-498a-89fe-3887a98db87c;50;-20
part02;1;2;0;73c5c20a-a0a3-4646-a1f3-a920b6c33067;130;20
part02;1;0;2;1e9730aa-2375-4f18-8fb1-26fe7853385f;-50;0
part03;1;1;1;e42c0348-fb1e-478d-8703-bde7750a41f6;70;-40
part03;3;0;0;2084b14f-01b1-4c53-b331-de0c23313842;90;0
part03;0;1.5;1.5;e42c0348-fb1e-478d-8703-bde7750a41f6;70;-50
part03;2;0.5;0.5;e42c0348-fb1e-478d-8703-bde7750a41f6;70;-70
part03;1;2;0;954ab217-35b3-4fb1-97ee-353ff79ea7a4;70;-90
part03;1;0;2;e42c0348-fb1e-478d-8703-bde7750a41f6;70;0
part04;1;1;1;8931ba62-2e76-43a7-9e85-9da57c14c94c;20;40
part04;3;0;0;740dae4b-4979-430a-94e5-cdaf4ce230f1;-110;-90
part04;0;1.5;1.5;8931ba62-2e76-43a7-9e85-9da57c14c94c;20;50
part04;2;0.5;0.5;2593860e-5b3b-4d3d-96d5-46f9eb6209f9;140;-50
part04;1;2;0;77b5d09a-2c12-4056-9828-4a534b2b5a75;20;0
part04;1;0;2;8931ba62-2e76-43a7-9e85-9da57c14c94c;20;-10
part05;1;1;1;ef8d7777-7732-42e6-bfbe-ff7d7e65fc1f;50;20
part05;3;0;0;3c222814-56bf-41b0-9125-de83e6f98e17;100;0
part05;0;1.5;1.5;ef8d7777-7732-42e6-bfbe-ff7d7e65fc1f;50;40
part05;2;0.5;0.5;ef8d7777-7732-42e6-bfbe-ff7d7e65fc1f;50;60
part05;1;2;0;6ebe40e1-8942-4875-a433-ee39b274d730;-130;20
part05;1;0;2;ef8d7777-7732-42e6-bfbe-ff7d7e65fc1f;50;-20
part06;1;1;1;88287570-dbc3-4ee1-af8a-aa548ca5ef4d;160;-40
part06;3;0;0;34658b07-3585-41a5-8dc4-2dd185ec6a20;0;50
part06;0;1.5;1.5;87862c00-ce71-4775-b8ce-2c6e18ca2f9c;0;40
part06;2;0.5;0.5;ccdd4d03-7236-4c2e-9555-c21752885cee;0;30
part06;1;2;0;34af7d87-c937-4377-b51b-52abcf1bb63b;0;70
part06;1;0;2;2883e75f-10bb-4761-a08f-101a1e75be5e;0;90
part07;1;1;1;0a8dd5f8-3e01-44b3-a6f3-222e2675b047;130;30
part07;3;0;0;45b49bb7-2fe4-44aa-89fa-4f0a53df2e73;-170;0
part07;0;1.5;1.5;703d31d0-5da9-4ca0-8c9d-7beec93ba0ee;-90;-50
part07;2;0.5;0.5;df06cc6a-4c9d-48f2-8b1d-265931a6b8e7;30;20
part07;1;2;0;0d484a3c-3fec-403b-82da-e3b45fac63bd;-150;40
part07;1;0;2;df06cc6a-4c9d-48f2-8b1d-265931a6b8e7;30;0
part08;1;1;1;4bda5d77-094a-41a4-b1de-6910bc82a3df;-20;-40
part08;3;0;0;d1d36cb7-aa93-450b-bbbf-606345bebcf2;-90;70
part08;0;1.5;1.5;4bda5d77-094a-41a4-b1de-6910bc82a3df;-20;0
part08;2;0.5;0.5;b9683b5f-6478-4587-8627-71551e2f366a;140;70
part08;1;2;0;6f3588a9-4cb3-4b1f-9cc5-7b09f823afca;-120;0
part08;1;0;2;4bda5d77-094a-41a4-b1de-6910bc82a3df;-20;40
part09;1;1;1;ddd9e5b6-0f87-41be-8470-e4ec6efa5861;-130;20
part09;3;0;0;c6c57415-a2c1-4323-98dd-18c9a0f61d2b;-90;0
part09;0;1.5;1.5;ddd9e5b6-0f87-41be-8470-e4ec6efa5861;-130;40
part09;2;0.5;0.5;ddd9e5b6-0f87-41be-8470-e4ec6efa5861;-130;60
part09;1;2;0;ddd9e5b6-0f87-41be-8470-e4ec6efa5861;-130;80
part09;1;0;2;ddd9e5b6-0f87-41be-8470-e4ec6efa5861;-130;100
part10;1;1;1;dec04d97-f96c-4cc3-88d4-c28ca98cd262;0;30
part10;3;0;0;183b8861-d105-4fd2-826a-e9efdb676ffe;-180;0
part10;0;1.5;1.5;dec04d97-f96c-4cc3-88d4-c28ca98cd262;0;50
part10;2;0.5;0.5;dec04d97-f96c-4cc3-88d4-c28ca98cd262;0;70
part10;1;2;0;c137001c-5e45-4eb8-9c1e-8edbb7ba56dc;-160;-40
part10;1;0;2;9d3edb08-52ab-4241-ae6e-23789b2ef4b9;20;-20
part11;1;1;1;dd539840-840a-48a5-885e-867066cde26f;-40;20
part11;3;0;0;6fcb4644-438d-4727-8b2a-37dd21d53477;-180;0
part11;0;1.5;1.5;b3f8eb6f-aa84-4c75-a909-57674c565d2f;90;50
part11;2;0.5;0.5;98a325ed-07c5-4475-b21c-17d850bd8315;140;0
part11;1;2;0;dd539840-840a-48a5-885e-867066cde26f;-40;40
part11;1;0;2;b3f8eb6f-aa84-4c75-a909-57674c565d2f;90;70
part12;1;1;1;08f0764f-5a6a-46f4-bb5d-08632221618d;110;-40
part12;3;0;0;1a15c9eb-fb9a-43fb-9e7b-3946c9673927;110;-90
part12;0;1.5;1.5;6090b780-ddea-4624-821f-cdb715cc257e;-130;-20
part12;2;0.5;0.5;08f0764f-5a6a-46f4-bb5d-08632221618d;110;-20
part12;1;2;0;08f0764f-5a6a-46f4-bb5d-08632221618d;110;0
part12;1;0;2;08f0764f-5a6a-46f4-bb5d-08632221618d;110;40
part13;1;1;1;0eb4920c-49ef-46f0-ad0d-55a9ee48bdd5;-170;-50
part13;3;0;0;14fd267d-e6e2-4580-a2e8-211d831fe3b9;110;-90
part13;0;1.5;1.5;0eb4920c-49ef-46f0-ad0d-55a9ee48bdd5;-170;-30
part13;2;0.5;0.5;5dfd7a08-465e-44f6-a507-d51fecf86b7e;-170;90
part13;1;2;0;5dfd7a08-465e-44f6-a507-d51fecf86b7e;-170;50
part13;1;0;2;0eb4920c-49ef-46f0-ad0d-55a9ee48bdd5;-170;-10
part14;1;1;1;78919d4a-8f6b-453a-9317-b4fc55bb3455;90;-50
part14;3;0;0;0d7a1542-0368-429a-b177-252f97ec99e7;70;-90
part14;0;1.5;1.5;78919d4a-8f6b-453a-9317-b4fc55bb3455;90;-30
part14;2;0.5;0.5;9f3717b5-54df-426a-8511-2511ebc67ed5;90;-10
part14;1;2;0;9f3717b5-54df-426a-8511-2511ebc67ed5;70;0
part14;1;0;2;78919d4a-8f6b-453a-9317-b4fc55bb3455;70;-40
part15;1;1;1;b51f0c37-2582-4465-b706-57dc45cb6884;-110;50
part15;3;0;0;9e01e13a-a62e-40b4-b434-6c5a2ea502a5;-110;-90
part15;0;1.5;1.5;b51f0c37-2582-4465-b706-57dc45cb6884;-110;70
part15;2;0.5;0.5;b51f0c37-2582-4465-b706-57dc45cb6884;-110;90
part15;1;2;0;81404739-df40-4ec0-a063-d61223a8b727;70;-50
part15;1;0;2;b51f0c37-2582-4465-b706-57dc45cb6884;-110;100
part16;1;1;1;023b6a7d-c42d-434a-9dc6-63f0678e126a;-110;50
part16;3;0;0;1fd13671-9aa7-464c-9807-caa625920e73;-110;-90
part16;0;1.5;1.5;023b6a7d-c42d-434a-9dc6-63f0678e126a;-110;70
part16;2;0.5;0.5;cd5f4c7b-3782-40d5-a395-9fb61a63f5a9;-110;-50
part16;1;2;0;cd5f4c7b-3782-40d5-a395-9fb61a63f5a9;-110;-30
part16;1;0;2;023b6a7d-c42d-434a-9dc6-63f0678e126a;-110;90
part17;1;1;1;9416e1d7-711f-4834-9b98-ce406c400423;-140;-20
part17;3;0;0;fe5a2fcb-c6b9-4377-916f-da456aa7f073;170;0
part17;0;1.5;1.5;9416e1d7-711f-4834-9b98-ce406c400423;-140;0
part17;2;0.5;0.5;a2e895ae-1f31-466a-b63e-2c922b35ac71;140;-20
part17;1;2;0;9416e1d7-711f-4834-9b98-ce406c400423;-140;20
part17;1;0;2;a2e895ae-1f31-466a-b63e-2c922b35ac71;140;20
part18;1;1;1;d0cb725c-3b70-4781-b6d8-7082bff137b6;-50;50
part18;3;0;0;f85304ce-7e47-45d7-b50f-ce40e725c86e;-110;-90
part18;0;1.5;1.5;d0cb725c-3b70-4781-b6d8-7082bff137b6;-50;70
part18;2;0.5;0.5;bb24575e-ae93-4b3c-a416-2d972e864b80;-40;50
part18;1;2;0;a32be8a4-6a78-4e5b-9758-5ff8b0aa93a6;-40;20
part18;1;0;2;d0cb725c-3b70-4781-b6d8-7082bff137b6;-50;90
part19;1;1;1;7898b6ff-e524-4ffe-a032-f19ad256357a;-50;-50
part19;3;0;0;9443def2-81de-46f9-a30e-c90f9a20394d;110;-90
part19;0;1.5;1.5;7898b6ff-e524-4ffe-a032-f19ad256357a;-50;-30
part19;2;0.5;0.5;7898b6ff-e524-4ffe-a032-f19ad256357a;-50;-10
part19;1;2;0;fc38e771-3740-42b6-9733-e871ee446706;-40;0
part19;1;0;2;af4e223a-8176-408e-abc8-3dfdba63892f;-60;-50
part20;1;1;1;ca911988-72d7-47a0-a6a7-097eabeeefbf;140;-20
part20;3;0;0;2b60fe6f-45fd-4aef-804c-bb67fa24f040;0;0
part20;0;1.5;1.5;3f7e2d8b-36a9-46ca-b678-3f56aca0affb;-40;50
part20;2;0.5;0.5;ca911988-72d7-47a0-a6a7-097eabeeefbf;140;0
part20;1;2;0;d5abb8a6-32f2-4c9e-854b-7f3aa6ed58e3;-40;20
part20;1;0;2;da5fe335-1147-4867-bedf-618256c97059;-50;50
part21;1;1;1;08e90056-7a2a-4574-9412-553bcb910217;-50;-20
part21;3;0;0;41908536-479c-4c97-9052-129e80f6065b;90;0
part21;0;1.5;1.5;08e90056-7a2a-4574-9412-553bcb910217;-50;0
part21;2;0.5;0.5;08e90056-7a2a-4574-9412-553bcb910217;-50;20
part21;1;2;0;455a9f5c-8a96-41a1-a9b2-a61b58b78381;50;-20
part21;1;0;2;08e90056-7a2a-4574-9412-553bcb910217;-50;40
part22;1;1;1;e0ea0274-97d1-461b-8333-d21ca0d1fa61;170;-50
part22;3;0;0;e0ea0274-97d1-461b-8333-d21ca0d1fa61;45;45
part22;0;1.5;1.5;e0ea0274-97d1-461b-8333-d21ca0d1fa61;0;0
part22;2;0.5;0.5;e0ea0274-97d1-461b-8333-d21ca0d1fa61;170;40
part22;1;2;0;e0ea0274-97d1-461b-8333-d21ca0d1fa61;140;140
part22;1;0;2;e0ea0274-97d1-461b-8333-d21ca0d1fa61;90;0
part23;1;1;1;6dd689e2-433b-43e3-8ece-d6e47cceccab;-130;-20
part23;3;0;0;a6acdfb7-3ef4-4760-a76c-aabb1de33a89;-90;0
part23;0;1.5;1.5;6dd689e2-433b-43e3-8ece-d6e47cceccab;-130;25
part23;2;0.5;0.5;6dd689e2-433b-43e3-8ece-d6e47cceccab;-130;70
part23;1;2;0;6dd689e2-433b-43e3-8ece-d6e47cceccab;-130;160
part23;1;0;2;6dd689e2-433b-43e3-8ece-d6e47cceccab;-130;110
part24;1;1;1;1189702a-7be9-40ec-a4a3-27dca6775a06;110;-40
part24;3;0;0;b9af6978-ee02-4e30-ade2-a7eeffd5c670;-90;0
part24;0;1.5;1.5;1189702a-7be9-40ec-a4a3-27dca6775a06;110;50
part24;2;0.5;0.5;1189702a-7be9-40ec-a4a3-27dca6775a06;110;140
part24;1;2;0;255aec10-b861-42e6-8613-e957d6e75228;-110;40
part24;1;0;2;1189702a-7be9-40ec-a4a3-27dca6775a06;110;10
part25;1;1;1;90df60be-c38a-45ae-8376-07816787edca;-70;40
part25;3;0;0;b2cb0cc5-9ceb-4c80-a875-56e25e510ab9;-90;0
part25;0;1.5;1.5;90df60be-c38a-45ae-8376-07816787edca;-70;80
part25;2;0.5;0.5;90df60be-c38a-45ae-8376-07816787edca;-70;130
part25;1;2;0;90df60be-c38a-45ae-8376-07816787edca;-70;170
part25;1;0;2;90df60be-c38a-45ae-8376-07816787edca;-70;220
part26;1;1;1;5d2f5c81-a8b2-4503-9eec-d7eba979f626;20;-40
part26;3;0;0;d59f9255-ae96-4f12-b0a9-3b802919a85f;-180;0
part26;0;1.5;1.5;5d2f5c81-a8b2-4503-9eec-d7eba979f626;20;0
part26;2;0.5;0.5;5d2f5c81-a8b2-4503-9eec-d7eba979f626;20;50
part26;1;2;0;5d2f5c81-a8b2-4503-9eec-d7eba979f626;20;140
part26;1;0;2;5d2f5c81-a8b2-4503-9eec-d7eba979f626;20;100
part27;1;1;1;821bac6c-f539-412e-89f5-46a411989497;20;-40
part27;3;0;0;dee408ac-6df4-47a8-bf50-a070a6db4d09;-180;0
part27;0;1.5;1.5;821bac6c-f539-412e-89f5-46a411989497;20;5
part27;2;0.5;0.5;821bac6c-f539-412e-89f5-46a411989497;20;50
part27;1;2;0;cb213ef9-56ec-430c-83ad-c8a307aaad00;-20;40
part27;1;0;2;821bac6c-f539-412e-89f5-46a411989497;20;140
part28;1;1;1;8a2997cf-1f4c-43fa-85a8-40d769afad2b;-140;-20
part28;3;0;0;9f9cac12-6f6e-404c-98a6-2bba34b553b4;0;0
part28;0;1.5;1.5;8a2997cf-1f4c-43fa-85a8-40d769afad2b;0;90
part28;2;0.5;0.5;8a2997cf-1f4c-43fa-85a8-40d769afad2b;45;0
part28;1;2;0;3a331b96-b712-4269-80c1-0898ffcf5617;45;45
part28;1;0;2;8a2997cf-1f4c-43fa-85a8-40d769afad2b;30;70
part29;1;1;1;68e9c726-a936-4aab-be7d-f3863dffe883;-130;-10
part29;3;0;0;76293ffc-73a9-48da-b479-93df9ddc7ecd;90;40
part29;0;1.5;1.5;c2279beb-b346-453a-a113-cec66727ed06;-20;40
part29;2;0.5;0.5;68e9c726-a936-4aab-be7d-f3863dffe883;-130;80
part29;1;2;0;634aca01-99d8-4479-bce9-e47bc95c903e;30;50
part29;1;0;2;994931dc-f49a-4d93-95d3-3b6ae4ad64cd;20;40
part30;1;1;1;b4786b2d-84c4-45d6-a4d6-c3ad5fdf07e4;-70;-40
part30;3;0;0;957a00ce-b614-4dbb-81e1-4c9052bc19fc;-90;0
part30;0;1.5;1.5;02ea95cc-031f-4dfe-990e-3853d4228c63;-160;-60
part30;2;0.5;0.5;b4786b2d-84c4-45d6-a4d6-c3ad5fdf07e4;-70;50
part30;1;2;0;08eaa9a4-7ffb-413f-8a76-55030ef49e6a;-110;-40
part30;1;0;2;b4786b2d-84c4-45d6-a4d6-c3ad5fdf07e4;-70;5
part31;1;1;1;b2a2c62b-3139-4d48-84cf-86d45c4e4868;-20;-40
part31;3;0;0;af2ed653-d64b-4259-b1d2-575d26991fbc;-180;0
part31;0;1.5;1.5;abc2b726-2a75-40e0-929e-5a3a29bee1a5;-160;-40
part31;2;0.5;0.5;b2a2c62b-3139-4d48-84cf-86d45c4e4868;-20;0
part31;1;2;0;2f592e3f-2bca-4bac-bb49-c486983e17d9;-20;40
part31;1;0;2;abc2b726-2a75-40e0-929e-5a3a29bee1a5;-160;50
part32;1;1;1;9d373130-6607-4ade-a5c7-5a3a8b52f64c;-110;40
part32;3;0;0;491f3726-d816-47be-ab3c-c5298285997f;90;0
part32;0;1.5;1.5;9d373130-6607-4ade-a5c7-5a3a8b52f64c;-110;0
part32;2;0.5;0.5;9d373130-6607-4ade-a5c7-5a3a8b52f64c;-110;90
part32;1;2;0;e0e22463-3119-4e91-9f50-2fb774aea76f;110;40
part32;1;0;2;9d373130-6607-4ade-a5c7-5a3a8b52f64c;-110;130
part33;1;1;1;417d2acf-7adb-4ff8-bd96-4b6167c58fac;-130;-20
part33;3;0;0;a7b8fcc6-e3cd-49b2-adf6-05390996e22f;90;0
part33;0;1.5;1.5;3a5c3cb8-f28b-4c37-9899-0f6120e4bb40;-170;-50
part33;2;0.5;0.5;6fdb3ed4-d476-484f-8866-dabc950ca8ae;-130;80
part33;1;2;0;7292dcab-888a-4992-9863-da01f0658d87;130;-20
part33;1;0;2;257d51da-62ce-403f-93ec-d54741cd4951;-120;-50
part34;1;1;1;2bf32d95-03f1-452a-bf0c-90a94a8b01e4;110;40
part34;3;0;0;3669492e-8164-4b0c-8f58-716e31e2ce48;90;0
part34;0;1.5;1.5;3ab08e89-a007-4bd6-ac2c-5327c4b96548;20;40
part34;2;0.5;0.5;2bf32d95-03f1-452a-bf0c-90a94a8b01e4;110;70
part34;1;2;0;bacca9b8-eac9-4b09-b043-1ec4174e04f8;70;40
part34;1;0;2;3ab08e89-a007-4bd6-ac2c-5327c4b96548;20;130
part35;1;1;1;7f2f6883-75d6-4af7-8e3b-e593e6b0d3d0;20;-50
part35;3;0;0;da53dcb3-626b-4539-a7bb-07d518cf1f08;90;-80
part35;0;1.5;1.5;7f2f6883-75d6-4af7-8e3b-e593e6b0d3d0;20;-5
part35;2;0.5;0.5;7f2f6883-75d6-4af7-8e3b-e593e6b0d3d0;20;40
part35;1;2;0;8266252c-c07b-4298-a249-5cb03d94509f;-20;-40
part35;1;0;2;7f2f6883-75d6-4af7-8e3b-e593e6b0d3d0;20;-20
part36;1;1;1;f6421143-8bf6-4f8e-8845-961d465d27df;20;40
part36;3;0;0;d87e6562-41f5-4737-ab1a-d91956045301;-180;0
part36;0;1.5;1.5;f6421143-8bf6-4f8e-8845-961d465d27df;20;70
part36;2;0.5;0.5;f6421143-8bf6-4f8e-8845-961d465d27df;20;130
part36;1;2;0;b639d166-00c3-47a8-9f2d-81e54ec891b4;-20;-40
part36;1;0;2;f6421143-8bf6-4f8e-8845-961d465d27df;20;10
part37;1;1;1;3029103e-3e2b-4523-b7dd-4b1f29e80008;-140;-20
part37;3;0;0;a407dbea-01e9-4380-857d-00730a9a15bf;0;0
part37;0;1.5;1.5;3029103e-3e2b-4523-b7dd-4b1f29e80008;-140;0
part37;2;0.5;0.5;3029103e-3e2b-4523-b7dd-4b1f29e80008;-140;70
part37;1;2;0;cb3e40b1-b475-43e4-8148-427d75a68f79;140;-20
part37;1;0;2;3029103e-3e2b-4523-b7dd-4b1f29e80008;-140;25
part38;1;1;1;bb87c54f-dd52-4b6a-9540-1643a93bf1dc;50;50
part38;3;0;0;0978b865-e7be-4a56-b79d-f022ed181bfa;110;-90
part38;0;1.5;1.5;bb87c54f-dd52-4b6a-9540-1643a93bf1dc;50;100
part38;2;0.5;0.5;bb87c54f-dd52-4b6a-9540-1643a93bf1dc;50;150
part38;1;2;0;571f2656-65f2-40ee-a8bb-5533739f3129;110;10
part38;1;0;2;10942895-d114-4935-94e5-ee2aeebb948b;110;40
part39;1;1;1;9a63d7f2-cd88-4a70-833f-c7787566b3bf;20;-30
part39;3;0;0;bc28802a-3aa5-417b-83f6-fbfa7798b1a4;20;0
part39;0;1.5;1.5;2d981bb9-ec5a-442c-a999-7a81f5f80440;30;40
part39;2;0.5;0.5;d09a2870-7ade-4950-9d23-e714b31758b6;30;-20
part39;1;2;0;1a6584ff-357b-42f1-87c9-adb82b9a75d8;-160;50
part39;1;0;2;54d70cbf-3ed3-4ed5-bf73-d8409f819e01;30;30
part40;1;1;1;b791e9de-7e36-4483-b37d-3f73dbe4891f;-140;20
part40;3;0;0;17607aab-335a-4311-b5bf-a1235d7228f1;0;-90
part40;0;1.5;1.5;b791e9de-7e36-4483-b37d-3f73dbe4891f;-140;60
part40;2;0.5;0.5;7e082c2d-ffa6-4f61-b567-690abcff3d32;-180;-80
part40;1;2;0;7b545b2a-1936-4dba-a64e-ead816713b0f;0;60
part40;1;0;2;b791e9de-7e36-4483-b37d-3f73dbe4891f;-140;100
part41;1;1;1;99a40283-da92-4653-b58a-8129798fcd04;0;0
part41;3;0;0;59f6bc4f-9ee9-4edb-b0e5-cc9f197d0138;90;0
part41;0;1.5;1.5;99a40283-da92-4653-b58a-8129798fcd04;-20;40
part41;2;0.5;0.5;99a40283-da92-4653-b58a-8129798fcd04;0;90
part41;1;2;0;99a40283-da92-4653-b58a-8129798fcd04;90;90
part41;1;0;2;420fceac-9108-45d4-b821-ebe5ac49e814;30;120
part42;1;1;1;673c3272-fd25-451b-b95b-7b074774aff0;-130;-20
part42;3;0;0;a8c7d22a-b1c3-4604-918b-8043b7c5c022;90;0
part42;0;1.5;1.5;62fb8271-b95a-4901-8680-83a246cd7ef5;0;50
part42;2;0.5;0.5;673c3272-fd25-451b-b95b-7b074774aff0;-130;60
part42;1;2;0;6f3bdfae-d421-4637-9815-10aa512c10b1;130;20
part42;1;0;2;673c3272-fd25-451b-b95b-7b074774aff0;-130;120
part43;1;1;1;efe001b9-9a9c-4f41-8d13-7fa93a4ca729;-20;40
part43;3;0;0;5eaf88de-214b-4489-874b-32a5dc544f92;0;0
part43;0;1.5;1.5;efe001b9-9a9c-4f41-8d13-7fa93a4ca729;-20;80
part43;2;0.5;0.5;1bb4a2ce-c67e-4cfc-8632-eb8690d574db;-40;20
part43;1;2;0;1bb4a2ce-c67e-4cfc-8632-eb8690d574db;-40;80
part43;1;0;2;5c25a7e7-40a1-4b7d-9e4c-23bb1081ff2d;40;20
part44;1;1;1;3d331a86-6a20-4067-a0e5-c1d65da60d97;-160;-40
part44;3;0;0;63401927-0ee8-4974-bdc3-ee151a169db0;-180;0
part44;0;1.5;1.5;3d331a86-6a20-4067-a0e5-c1d65da60d97;-160;40
part44;2;0.5;0.5;3d331a86-6a20-4067-a0e5-c1d65da60d97;-160;80
part44;1;2;0;853ac3b8-1750-4b68-8961-eceee12b6f51;20;40
part44;1;0;2;3d331a86-6a20-4067-a0e5-c1d65da60d97;-160;100
part45;1;1;1;ce97fab0-059b-4b74-9335-260d692c53c4;-40;-20
part45;3;0;0;a00cc8c5-2a8c-4f57-85aa-51566ac15a23;-90;20
part45;0;1.5;1.5;ce97fab0-059b-4b74-9335-260d692c53c4;-40;20
part45;2;0.5;0.5;b4d86634-9445-43b9-85a7-b200db6b883f;-100;20
part45;1;2;0;a878a39c-2e24-4cda-8c9c-884fc6629501;-70;20
part45;1;0;2;9471718b-196e-46a5-82b8-1f276ed34e05;20;-40
part46;1;1;1;c40a3315-191f-420f-81e2-6a82d22ef355;140;-20
part46;3;0;0;39d65952-3f89-4c27-8055-ff37d31388e4;-180;0
part46;0;1.5;1.5;c40a3315-191f-420f-81e2-6a82d22ef355;140;20
part46;2;0.5;0.5;c40a3315-191f-420f-81e2-6a82d22ef355;140;60
part46;1;2;0;c40a3315-191f-420f-81e2-6a82d22ef355;140;100
part46;1;0;2;c40a3315-191f-420f-81e2-6a82d22ef355;140;140
part47;1;1;1;3b05ef4f-8ec0-4a51-be87-c9318ec0bc4a;-140;-20
part47;3;0;0;233190e9-9dcd-41ef-a597-42d63bda9a14;0;0
part47;0;1.5;1.5;3b05ef4f-8ec0-4a51-be87-c9318ec0bc4a;-140;20
part47;2;0.5;0.5;3b05ef4f-8ec0-4a51-be87-c9318ec0bc4a;-140;40
part47;1;2;0;f1428f55-35ed-49e7-84d7-a03545b64296;-70;-40
part47;1;0;2;3b05ef4f-8ec0-4a51-be87-c9318ec0bc4a;-140;100
part48;1;1;1;b4361f66-25ad-429f-bc06-18971f6691ce;40;-50
part48;3;0;0;6819d4d8-066e-4cec-8d13-f770f233e961;90;-50
part48;0;1.5;1.5;5de4a362-6b1d-41bf-887c-62738d56bb40;-20;-40
part48;2;0.5;0.5;535ca6a9-f429-4d9f-b360-8c64c30e91a3;50;-60
part48;1;2;0;ec106b4b-2dc3-4da0-9127-c40c1341728c;40;50
part48;1;0;2;da0d5e9f-b9ec-4db0-bbe6-1681f943c564;150;-70
part49;1;1;1;31b0d0f2-911d-4839-a4a9-5cc3d88aaca3;-160;40
part49;3;0;0;ffaaaec4-439f-4534-9dd2-e1622b815634;110;-90
part49;0;1.5;1.5;31b0d0f2-911d-4839-a4a9-5cc3d88aaca3;-160;80
part49;2;0.5;0.5;8e624a4f-3be7-4d48-b660-7de165d26755;80;-50
part49;1;2;0;c6e84305-2d47-479c-9ecf-13e1732c9fc9;120;50
part49;1;0;2;31b0d0f2-911d-4839-a4a9-5cc3d88aaca3;-160;120
part50;1;1;1;2e8416bd-290f-4d04-a132-58e85e74179b;-100;-10
part50;3;0;0;4acb190f-7aba-4925-8d9f-0cdb597c9b34;-90;-50
part50;0;1.5;1.5;b5640a97-18c9-49c5-a702-d52ed504607e;-40;20
part50;2;0.5;0.5;f61233d0-030f-4f32-b178-b8599a0f05ec;120;50
part50;1;2;0;9cb2e91f-a925-4fd7-9263-69e29a190c49;-120;50
part50;1;0;2;2e8416bd-290f-4d04-a132-58e85e74179b;-100;30
part51;1;1;1;0a245200-bfcc-411c-b98c-6eba364c1ab8;20;-40
part51;3;0;0;ae8cdeea-7129-480f-8be4-cd7bfeb5e5a3;-180;0
part51;0;1.5;1.5;0a245200-bfcc-411c-b98c-6eba364c1ab8;20;20
part51;2;0.5;0.5;0a245200-bfcc-411c-b98c-6eba364c1ab8;20;40
part51;1;2;0;fbfa28f8-6e38-4a38-8272-c584cea6fbca;-20;40
part51;1;0;2;d61d327a-4b21-4eb6-acff-42c5326b1ba2;-130;-10
part52;1;1;1;894a11aa-b154-4e0c-9e8d-02574a2ae95d;40;-20
part52;3;0;0;f09d2438-2f79-49b9-aae1-242d6558ba9d;-180;0
part52;0;1.5;1.5;3ba46c4e-e5e6-4f2b-8c90-130bb144ce4c;-100;-30
part52;2;0.5;0.5;894a11aa-b154-4e0c-9e8d-02574a2ae95d;40;60
part52;1;2;0;0d8ee829-7ace-43f8-90e8-419e96fafc17;40;20
part52;1;0;2;3ba46c4e-e5e6-4f2b-8c90-130bb144ce4c;-100;60
part53;1;1;1;e9dc961c-f631-478d-99a1-d8f1128fbeeb;50;-10
part53;3;0;0;92384f10-8e0a-4c4d-a42f-7ac58761a357;90;-40
part53;0;1.5;1.5;6977786a-7378-4b73-9b1f-c6fa8d461093;40;20
part53;2;0.5;0.5;e9dc961c-f631-478d-99a1-d8f1128fbeeb;50;50
part53;1;2;0;e9dc961c-f631-478d-99a1-d8f1128fbeeb;50;100
part53;1;0;2;81b0b979-5191-4609-8e50-f217da974f78;40;100
part54;1;1;1;609ec8d9-f730-484f-b105-7d6541a889fd;140;-20
part54;3;0;0;4c849740-49ea-4672-b29b-ceec2dc61963;-70;50
part54;0;1.5;1.5;609ec8d9-f730-484f-b105-7d6541a889fd;140;20
part54;2;0.5;0.5;e3824963-b098-4ad9-87b7-f9ad5dfd83ab;110;-40
part54;1;2;0;ccd3d9e8-6857-4a6e-aa92-e9739f5feeed;-30;50
part54;1;0;2;609ec8d9-f730-484f-b105-7d6541a889fd;140;-20
part55;1;1;1;6a8eeffa-1f7b-49e8-b69c-ad7ad6e79557;-140;60
part55;3;0;0;566c03a7-a738-4776-b5ba-8126f20db2e7;-180;0
part55;0;1.5;1.5;49c5cc2e-52f5-4c74-9462-a2196b2bfe2d;140;20
part55;2;0.5;0.5;6a8eeffa-1f7b-49e8-b69c-ad7ad6e79557;-140;20
part55;1;2;0;f69ce0fd-f959-4074-bef5-632d57a9640e;40;-20
part55;1;0;2;6a8eeffa-1f7b-49e8-b69c-ad7ad6e79557;-140;60
part56;1;1;1;09eb30a1-8bc4-4538-9c7e-2ca2217f559a;110;-40
part56;3;0;0;e2ce1a36-041a-4146-bf15-81bc9656d327;-70;-90
part56;0;1.5;1.5;09eb30a1-8bc4-4538-9c7e-2ca2217f559a;110;20
part56;2;0.5;0.5;4d9e67e2-3ae5-44dc-a295-cc18ad89cd1c;-160;40
part56;1;2;0;609c3216-f063-4635-a44e-1f85a4da7fc0;-40;-20
part56;1;0;2;09eb30a1-8bc4-4538-9c7e-2ca2217f559a;110;40
part57;1;1;1;419f6497-2efa-4de1-a95b-43e4271169e6;20;-40
part57;3;0;0;8bc56e25-fb63-4af6-aa3b-2ee85bc2b84a;-180;0
part57;0;1.5;1.5;a9981e82-5c28-4d1f-9159-eec047a4f1ce;-20;40
part57;2;0.5;0.5;419f6497-2efa-4de1-a95b-43e4271169e6;20;20
part57;1;2;0;419f6497-2efa-4de1-a95b-43e4271169e6;20;40
part57;1;0;2;419f6497-2efa-4de1-a95b-43e4271169e6;20;60
part58;1;1;1;497a51f3-d5a7-49a8-a6dc-50e432cefa83;20;-40
part58;3;0;0;6e5fd001-b709-4d84-9b3d-b876f1e8d7d5;-180;0
part58;0;1.5;1.5;497a51f3-d5a7-49a8-a6dc-50e432cefa83;20;40
part58;2;0.5;0.5;fb499901-688d-426a-99ab-85e3e5da47aa;-20;40
part58;1;2;0;497a51f3-d5a7-49a8-a6dc-50e432cefa83;20;80
part58;1;0;2;fb499901-688d-426a-99ab-85e3e5da47aa;-20;160
part59;1;1;1;42e05826-1fd7-4e3f-a418-3d26af5ce2b9;-160;40
part59;3;0;0;8b478ed3-b2c2-4530-8dc2-1ecdda19d54c;0;0
part59;0;1.5;1.5;538023d3-49de-4e79-89aa-604a8e0088b9;110;60
part59;2;0.5;0.5;42e05826-1fd7-4e3f-a418-3d26af5ce2b9;-160;80
part59;1;2;0;42e05826-1fd7-4e3f-a418-3d26af5ce2b9;-160;120
part59;1;0;2;42e05826-1fd7-4e3f-a418-3d26af5ce2b9;-160;160
part60;1;1;1;f97dbd94-8917-4931-9347-d8b229a3a4c1;-110;-40
part60;3;0;0;d6fefde5-024b-4114-926e-41bcc8556269;-90;0
part60;0;1.5;1.5;ea65a749-bf8f-4c14-88ac-ca029410c657;-20;-40
part60;2;0.5;0.5;f97dbd94-8917-4931-9347-d8b229a3a4c1;-110;40
part60;1;2;0;c0cfc9ba-ca93-43b8-bf15-b0dd051f1985;50;20
part60;1;0;2;ea65a749-bf8f-4c14-88ac-ca029410c657;-20;40
part61;1;1;1;8fa7104c-1755-405e-a6fb-af11095ca113;-20;-40
part61;3;0;0;f599338e-5b10-4635-90fd-1dc6faaf5296;-110;-90
part61;0;1.5;1.5;8fa7104c-1755-405e-a6fb-af11095ca113;-20;60
part61;2;0.5;0.5;26342ecd-b8d7-4ec6-a341-8cce5ae99780;90;-80
part61;1;2;0;257f03b2-e4f0-4b03-9a43-19f0252ea016;90;-50
part61;1;0;2;8fa7104c-1755-405e-a6fb-af11095ca113;-20;140
part62;1;1;1;ce14d3e8-4b4d-4da0-a274-6fc8accbc2c8;-40;20
part62;3;0;0;a0ae5936-02a9-4e79-a74f-569d453b5e39;-180;0
part62;0;1.5;1.5;ce14d3e8-4b4d-4da0-a274-6fc8accbc2c8;-40;60
part62;2;0.5;0.5;46dee228-8cfa-4119-bbcd-6cee5da1b4e3;40;100
part62;1;2;0;46dee228-8cfa-4119-bbcd-6cee5da1b4e3;40;30
part62;1;0;2;ce14d3e8-4b4d-4da0-a274-6fc8accbc2c8;-40;120
part63;1;1;1;8e538413-70e3-464c-821d-84e4faf7bf4d;-70;-40
part63;3;0;0;a8c3765a-add7-4a58-b852-1116c53092a3;0;0
part63;0;1.5;1.5;8e538413-70e3-464c-821d-84e4faf7bf4d;-70;0
part63;2;0.5;0.5;8e538413-70e3-464c-821d-84e4faf7bf4d;-70;40
part63;1;2;0;475a6238-a35f-4c91-b0db-09969acecfd9;20;-40
part63;1;0;2;8e538413-70e3-464c-821d-84e4faf7bf4d;-70;140
